,PLAYER,POS,TEAM,GP,MPG,nFGp,nFTp,nX3PM,nPTS,nTREB,nAST,nSTL,nBLK,nTO
1,Anthony Davis,PF/C,NOR,72,36,0.941133553,0.635447972,-0.766539367,2.886007185,2.39082133,-0.210096681,1.320749097,3.708164968,-0.760929951
2,Stephen Curry,PG/SG,GSW,72,32,0.396601121,1.724787353,3.504839634,2.373727364,-0.230251135,1.623474355,1.904505604,-0.900853636,-1.545393817
3,James Harden,PG/SG,HOU,80,35.4,-0.329442121,0.87752339,2.696740904,3.102740956,0.172990783,2.896787574,1.904505604,-0.062850254,-3.898785418
4,Kevin Durant,SF/PF,GSW,67,34,0.759622743,1.361674226,1.426871472,2.117587453,0.535908509,1.114149067,-0.430520424,2.032158203,-1.41464984
5,Karl-Anthony Towns,C,MIN,80,36,1.304155175,0.87752339,0.041559363,1.999369033,2.834387439,-0.108231624,-0.13864217,1.613156511,-0.630185973
6,Giannis Antetokounmpo,SF/PF,MIL,78,36,0.941133553,0.030259427,-0.766539367,2.610164204,1.70531007,1.317879182,1.612627351,1.822657357,-1.676137795
7,Nikola Jokic,PF/C,DEN,75,33,0.759622743,0.998561099,0.157002039,1.191543161,2.350497138,1.674406884,0.73699259,0.565652283,-1.283905862
8,Kawhi Leonard,SG/SF,TOR,70,34,0.215090311,1.119598808,0.734215417,2.216102803,0.455260125,0.299228607,2.196383858,0.565652283,-0.499441995
9,LeBron James,SF/PF,LAL,75,36,0.941133553,-0.817004536,0.38788739,2.531351924,1.302068152,3.151450218,1.028870844,0.146650592,-3.245065529
10,Damian Lillard,PG,POR,74,36,-0.510952932,1.603749644,2.00408485,2.511648854,-0.35122371,1.725339412,0.153236083,-0.691352791,-1.283905862
11,Joel Embiid,PF/C,PHI,58,31,0.215090311,0.030259427,0.041559363,2.156993593,2.310172946,0.248296078,-0.430520424,2.870161585,-2.983577573
12,Chris Paul,PG,HOU,63,31.5,-0.147931311,1.603749644,1.19598612,0.71866948,0.011694016,2.387462286,2.196383858,-0.900853636,-0.630185973
13,Kyrie Irving,PG/SG,BOS,60,32,0.215090311,1.603749644,1.657756823,2.117587453,-0.754465628,1.216014125,0.153236083,-0.691352791,-0.760929951
14,Russell Westbrook,PG,OKC,80,35.2,-0.692463743,0.030259427,0.157002039,2.531351924,1.866606837,3.762640563,1.904505604,-0.691352791,-4.160273373
15,Paul George,SG/SF,OKC,77,35.5,-0.329442121,0.998561099,1.542314147,1.802338332,0.455260125,0.401093664,2.488262111,-0.481851945,-1.545393817
16,Jimmy Butler,SG/SF,MIN,67,36.5,0.0335795,0.756485681,-0.073883312,1.664416842,0.052018207,0.859486423,2.488262111,-0.272351099,-0.368698017
17,John Wall,PG,WAS,77,36,-0.510952932,0.272334845,-0.073883312,1.565901492,-0.512520477,3.457045391,2.780140364,0.565652283,-2.852833595
18,Ben Simmons,PG,PHI,79,35,1.667176796,-2.390494752,-1.459195421,1.033918601,1.26174396,3.202382747,2.196383858,0.775153129,-2.460601662
19,Draymond Green,PF/C,GSW,75,32.5,-0.329442121,-0.090778282,-0.189325988,-0.502920863,1.01979881,2.132799643,1.612627351,1.403655666,-1.283905862
20,Rudy Gobert,C,UTA,70,33,2.75624166,-1.059079953,-1.574638097,-0.010344112,2.713414864,-0.821287027,-0.722398677,3.498664122,-0.23795404
21,Victor Oladipo,PG/SG,IND,72,33,-0.147931311,0.272334845,0.734215417,1.309761581,-0.189926943,0.502958722,2.488262111,0.146650592,-1.153161884
22,Kevin Love,PF/C,CLE,70,32,-0.510952932,0.998561099,1.657756823,0.79748176,1.987579412,-0.362894268,-0.430520424,-0.272351099,-0.23795404
23,Kyle Lowry,PG,TOR,75,32,-0.692463743,0.87752339,2.00408485,0.58074799,-0.068954368,1.725339412,0.73699259,-0.691352791,-0.760929951
24,Khris Middleton,SG/SF,MIL,78,35,-0.329442121,1.361674226,0.849658093,1.073324741,-0.149602751,0.502958722,1.320749097,-0.691352791,-0.760929951
25,Marc Gasol,C,MEM,75,33,-0.329442121,0.635447972,0.272444715,0.501935709,0.818177851,0.706688837,-0.430520424,1.613156511,-0.891673928
26,Devin Booker,PG/SG,PHO,75,34,-0.692463743,1.240636517,1.773199499,2.097884383,-0.35122371,0.808553894,-0.13864217,-0.691352791,-2.068369729
27,Eric Bledsoe,PG/SG,MIL,70,31,0.0335795,0.151297136,0.503330066,0.8368879,-0.472196286,1.216014125,1.904505604,-0.272351099,-1.545393817
28,Jrue Holiday,PG/SG,NOR,75,34,0.0335795,-0.090778282,0.272444715,0.65956027,-0.472196286,1.776271941,1.320749097,0.146650592,-1.283905862
29,Andre Drummond,PF/C,DET,79,33,1.122644364,-2.148419334,-1.574638097,0.285201939,4.407030918,-0.26102921,1.612627351,1.822657357,-0.891673928
30,Kemba Walker,PG,CHA,78,33,-0.692463743,0.998561099,1.657756823,1.467386142,-0.835114011,1.165081596,0.445114337,-0.691352791,-0.499441995
31,Bradley Beal,SG,WAS,77,35,0.0335795,0.393372554,1.657756823,1.743229122,-0.552844669,0.401093664,0.153236083,-0.481851945,-0.630185973
32,LaMarcus Aldridge,PF/C,SAS,72,33,0.578111932,0.514410263,-1.112867394,1.033918601,1.01979881,-0.566624383,-1.014276931,1.403655666,0.546509827
33,Myles Turner,PF/C,IND,70,30,0.578111932,0.272334845,-0.535654015,0.127577379,0.535908509,-0.821287027,-0.722398677,2.66066074,0.415765849
34,Mike Conley,PG,MEM,65,32,-0.692463743,0.87752339,1.080543445,0.81718483,-0.875438203,1.521609297,1.028870844,-0.691352791,-0.23795404
35,Otto Porter Jr,SF/PF,WAS,76,32,0.578111932,0.514410263,0.734215417,0.265498869,0.293963358,-0.515691854,1.320749097,-0.272351099,1.200229716
36,DeMarcus Cousins,PF/C,GSW,35,26,-0.147931311,-0.3328537,0.618772742,0.87629404,1.342392344,0.401093664,0.445114337,0.775153129,-2.460601662
37,Klay Thompson,SG/SF,GSW,76,34,0.215090311,0.756485681,2.465855553,1.309761581,-0.673817244,-0.413826796,-0.722398677,-0.272351099,0.154277894
38,Donovan Mitchell,PG/SG,UTA,77,35,-0.510952932,0.393372554,1.426871472,1.664416842,-0.552844669,0.502958722,1.612627351,-0.481851945,-1.41464984
39,Kristaps Porzingis,PF/C,NYK,45,28,-0.510952932,0.272334845,0.38788739,0.69896641,0.33428755,-0.923152084,-1.014276931,2.870161585,0.154277894
40,Gary Harris,SG/SF,DEN,70,33.5,0.215090311,0.514410263,1.19598612,0.69896641,-0.996410778,-0.108231624,1.904505604,-0.900853636,0.154277894
41,Gordon Hayward,SG/SF,BOS,70,32,-0.147931311,0.756485681,0.618772742,1.290058511,-0.149602751,0.197363549,0.153236083,-0.691352791,-0.499441995
42,Clint Capela,PF/C,HOU,73,28,3.300774092,-2.63257017,-1.574638097,0.166983519,2.229524562,-1.025017142,-0.430520424,2.241659048,0.154277894
43,C.J. McCollum,PG/SG,POR,80,35.5,-0.329442121,0.87752339,1.19598612,1.447683072,-0.673817244,0.350161135,0.153236083,-0.481851945,-0.499441995
44,DeMar DeRozan,SG/SF,SAS,77,34,-0.329442121,0.756485681,-0.304768664,1.782635262,-0.391547902,0.859486423,0.153236083,-0.900853636,-0.630185973
45,Al Horford,PF/C,BOS,71,32,0.0335795,0.030259427,-0.073883312,-0.089156392,0.697205276,0.859486423,-0.722398677,0.984653974,-0.107210062
46,Jayson Tatum,SF/PF,BOS,77,32,0.215090311,0.635447972,0.272444715,0.364014219,-0.028630176,-0.617556911,0.445114337,0.356151438,0.285021872
47,Nikola Vucevic,PF/C,ORL,69,28,0.215090311,-0.211815991,-0.42021134,0.304905009,1.423040727,-0.057299095,-0.13864217,0.775153129,0.023533916
48,Tobias Harris,SF/PF,LAC,78,32,-0.147931311,0.756485681,0.849658093,0.73837255,-0.028630176,-0.108231624,0.445114337,-0.272351099,0.154277894
49,Lauri Markkanen,PF,CHI,57,32,-0.510952932,0.998561099,1.657756823,0.79748176,1.01979881,-0.821287027,-1.014276931,-0.062850254,0.677253805
50,John Collins,PF/C,ATL,77,28,2.030198417,-0.3328537,-1.343752745,-0.069453322,1.26174396,-0.719421969,-0.430520424,0.984653974,0.023533916
51,Jamal Murray,PG/SG,DEN,80,32,-0.329442121,1.482711935,0.965100769,0.69896641,-0.633493053,0.248296078,0.153236083,-0.481851945,-0.499441995
52,Enes Kanter,C,NYK,72,26,2.030198417,0.635447972,-1.459195421,0.048765098,2.068227795,-0.821287027,-1.306155184,-0.062850254,-0.107210062
53,Nikola Mirotic,SF/PF,NOR,68,29,-0.873974553,0.393372554,1.773199499,0.127577379,1.01979881,-0.770354498,-0.430520424,0.565652283,0.677253805
54,Jarrett Allen,PF/C,BKN,74,26,2.393220039,0.393372554,-1.459195421,-0.404405513,0.737529467,-1.025017142,-1.306155184,1.613156511,0.154277894
55,Hassan Whiteside,C,MIA,69,25,1.485665985,-1.180117662,-1.574638097,-0.128562532,2.148876179,-1.177814728,-1.014276931,2.451159894,0.023533916
56,Kris Dunn,PG/SG,CHI,72,32,-0.692463743,-0.574929118,-0.535654015,0.206389659,-0.391547902,1.674406884,2.780140364,0.146650592,-1.153161884
57,Blake Griffin,PF/C,DET,60,34,-0.510952932,-0.090778282,0.618772742,1.349167721,0.737529467,1.623474355,-0.722398677,-0.481851945,-1.41464984
58,Paul Millsap,PF/C,DEN,65,32,-0.147931311,-0.574929118,-0.304768664,0.265498869,0.697205276,0.044565963,1.028870844,0.984653974,-0.368698017
59,Larry Nance Jr,PF/C,CLE,70,25,2.030198417,-0.938042245,-1.459195421,-0.680248493,0.939150426,-0.770354498,1.320749097,0.565652283,1.330973694
60,Jabari Parker,SF/PF,CHI,62,32,0.396601121,-0.090778282,-0.073883312,0.73837255,0.293963358,-0.159164152,0.445114337,-0.272351099,-0.107210062
61,Lou Williams,PG/SG,LAC,78,28,-0.692463743,1.240636517,0.849658093,0.8368879,-1.238355929,0.452026193,-0.13864217,-0.900853636,-0.630185973
62,Robert Covington,SF/PF,PHI,73,28,-1.236996175,0.756485681,1.19598612,-0.502920863,-0.10927856,-0.719421969,1.904505604,0.356151438,0.285021872
63,Luka Doncic,PG/SG/SF,DAL,72,31,-0.873974553,0.030259427,0.503330066,0.186686589,0.495584317,1.317879182,0.153236083,-0.481851945,-0.499441995
64,Jeff Teague,PG,MIN,75,32,-0.510952932,0.87752339,-0.304768664,-0.049750252,-0.915762395,1.725339412,1.028870844,-0.691352791,-0.891673928
65,Josh Richardson,PG/SG,MIA,72,32,-0.329442121,0.635447972,0.618772742,-0.207374812,-0.875438203,-0.108231624,1.028870844,0.565652283,0.285021872
66,Jonas Valanciunas,C,TOR,77,24,1.667176796,0.393372554,-1.343752745,-0.049750252,1.382716535,-1.07594967,-1.598033438,0.565652283,0.415765849
67,Ricky Rubio,PG,UTA,75,30,-1.055485364,1.240636517,-0.073883312,-0.128562532,-0.35122371,1.368811711,1.612627351,-1.110354482,-0.891673928
68,Joe Ingles,SG/SF,UTA,80,31,-0.147931311,0.151297136,1.19598612,-0.601436213,-0.472196286,0.655756308,1.028870844,-0.900853636,-0.23795404
69,Aaron Gordon,SF/PF,ORL,73,33,-0.510952932,-0.453891409,0.38788739,0.75807562,0.656881084,-0.311961739,0.445114337,0.356151438,0.285021872
70,DeAndre Jordan,C,DAL,79,32,3.663795714,-2.390494752,-1.574638097,-0.601436213,3.439250315,-0.872219555,-1.014276931,1.403655666,0.285021872
71,Steven Adams,C,OKC,76,33,2.393220039,-2.269457043,-1.574638097,0.088171238,1.423040727,-0.872219555,0.445114337,0.775153129,-0.107210062
72,Dewayne Dedmon,C,ATL,65,24,1.848687607,-0.211815991,-0.651096691,-0.916685334,1.060123001,-0.923152084,-0.722398677,0.775153129,0.677253805
73,Will Barton,SG/SF,DEN,70,32,-0.692463743,0.151297136,0.618772742,0.206389659,-0.068954368,0.502958722,0.153236083,-0.062850254,-0.23795404
74,Zach LaVine,PG/SG,CHI,62,32,-0.510952932,0.393372554,0.849658093,0.81718483,-0.472196286,0.14643102,0.153236083,-0.900853636,-0.368698017
75,Taurean Prince,SF,ATL,78,31,-0.873974553,0.635447972,0.965100769,0.186686589,-0.189926943,-0.210096681,0.73699259,-0.062850254,-0.760929951
76,Jonathan Isaac,PF,ORL,69,27,-0.873974553,0.151297136,-0.535654015,-0.975794544,-0.028630176,-1.025017142,1.612627351,2.032158203,0.415765849
77,Julius Randle,PF/C,NOR,77,28,1.304155175,-0.574929118,-1.343752745,0.501935709,1.342392344,-0.057299095,-0.722398677,-0.272351099,-0.891673928
78,Evan Fournier,SG/SF,ORL,65,32,-0.329442121,0.87752339,0.965100769,0.65956027,-0.996410778,-0.108231624,0.153236083,-1.110354482,0.154277894
79,Rondae Hollis-Jefferson,SF/PF,BKN,71,29.5,0.0335795,-0.090778282,-1.343752745,0.166983519,0.737529467,-0.108231624,0.73699259,0.146650592,-0.107210062
80,Jaren Jackson Jr,PF,MEM,72,26,-0.329442121,-0.211815991,-0.651096691,-0.818169984,0.172990783,-0.872219555,-0.722398677,3.079662431,0.023533916
81,Harrison Barnes,SF/PF,DAL,76,34,-0.329442121,0.87752339,0.38788739,0.95510632,0.132666591,-0.515691854,-0.722398677,-0.900853636,0.546509827
82,Dario Saric,PF/C,PHI,78,28,-0.329442121,0.87752339,0.734215417,0.127577379,0.414935933,-0.159164152,-0.722398677,-0.691352791,-0.499441995
83,Isaiah Thomas,PG,DEN,73,25,-0.692463743,1.361674226,0.849658093,0.73837255,-1.359328504,0.604823779,-0.722398677,-1.110354482,-0.368698017
84,Nicolas Batum,SG/SF,CHA,75,32,-1.055485364,0.998561099,0.157002039,-0.148265602,0.011694016,0.961351481,0.153236083,-0.481851945,-0.499441995
85,Lonzo Ball,PG,LAL,70,30,-1.418506985,-3.358796424,0.38788739,-0.719654633,0.374611741,1.725339412,1.320749097,0.356151438,-0.368698017
86,Rudy Gay,SF/PF,SAS,60,28,-0.147931311,0.151297136,-0.535654015,-0.010344112,0.253639166,-0.617556911,0.445114337,0.146650592,0.154277894
87,Jusuf Nurkic,C,POR,73,27.5,0.578111932,-1.664268498,-1.574638097,0.285201939,1.624661686,-0.413826796,-0.13864217,1.613156511,-1.153161884
88,Goran Dragic,PG/SG,MIA,74,32,-0.147931311,0.030259427,0.503330066,0.521638779,-0.673817244,0.859486423,-0.13864217,-0.900853636,-0.760929951
89,D'Angelo Russell,PG/SG,BKN,65,29.5,-1.055485364,-0.211815991,0.965100769,0.8368879,-0.472196286,1.41974424,0.73699259,-0.481851945,-2.199113706
90,Kyle Anderson,SG/SF,MEM,73,27.5,0.578111932,-0.574929118,-1.112867394,-1.172825245,0.052018207,-0.057299095,1.612627351,0.356151438,0.546509827
91,James Johnson,SF/PF,MIA,72,27,0.578111932,-1.059079953,-0.42021134,-0.640842353,-0.068954368,0.299228607,-0.13864217,0.775153129,-0.368698017
92,Buddy Hield,SG,SAC,80,27,-0.510952932,1.119598808,1.311428796,0.166983519,-0.472196286,-0.464759325,0.73699259,-0.900853636,0.285021872
93,Tyreke Evans,PG/SG,IND,52,27,-0.510952932,-0.090778282,0.503330066,0.304905009,-0.35122371,0.757621366,0.153236083,-0.691352791,-0.499441995
94,Tim Hardaway Jr,SG/SF,NYK,66,32,-0.692463743,0.514410263,1.311428796,0.501935709,-0.79478982,-0.26102921,0.153236083,-0.900853636,0.415765849
95,Jeremy Lin,PG/SG,ATL,60,24.5,-0.873974553,0.514410263,0.157002039,-0.030047182,-0.754465628,1.012284009,0.153236083,-0.272351099,-0.630185973
96,Jordan Bell,PF/C,GSW,70,20,2.57473085,-0.817004536,-1.574638097,-1.448668225,-0.028630176,-0.210096681,-0.430520424,1.403655666,0.546509827
97,DeAndre Ayton,C,PHO,72,29.5,0.759622743,-0.695966827,-1.343752745,-0.305890162,1.302068152,-0.770354498,-0.722398677,0.984653974,0.154277894
98,Serge Ibaka,PF/C,TOR,75,27,0.0335795,0.514410263,0.041559363,-0.364999373,0.213314974,-1.07594967,-1.598033438,1.403655666,0.677253805
99,Malcolm Brogdon,PG/SG,MIL,72,28,0.215090311,1.240636517,-0.073883312,-0.463514723,-0.956086587,0.299228607,0.153236083,-0.900853636,0.285021872
100,Jeremy Lamb,SG/SF,CHA,74,26,-0.147931311,0.756485681,0.041559363,-0.049750252,-0.310899518,-0.413826796,-0.430520424,-0.272351099,0.807997783
101,Allen Crabbe,SG/SF,BKN,75,29.5,-0.692463743,0.998561099,1.657756823,-0.069453322,-0.552844669,-0.770354498,-0.722398677,-0.481851945,0.93874176
102,Kent Bazemore,SG/SF,ATL,67,27,-1.055485364,0.030259427,0.272444715,-0.364999373,-0.633493053,0.14643102,1.028870844,-0.062850254,-0.23795404
103,Kelly Olynyk,PF/C,MIA,72,24,0.215090311,0.030259427,0.041559363,-0.562030073,0.052018207,-0.311961739,-0.430520424,-0.272351099,-0.23795404
104,J.J. Redick,SG,PHI,73,27.5,-0.329442121,1.482711935,1.311428796,0.107874309,-1.278680121,-0.210096681,-1.014276931,-1.110354482,0.677253805
105,Pau Gasol,PF/C,SAS,72,25,-0.329442121,-0.574929118,-0.881982042,-0.739357703,1.060123001,-0.057299095,-1.598033438,0.984653974,0.546509827
106,Derrick Favors,PF/C,UTA,70,28,1.122644364,-1.543230789,-1.343752745,-0.345296303,0.697205276,-0.821287027,-0.13864217,0.775153129,0.546509827
107,Taj Gibson,PF/C,MIN,79,32,1.304155175,-0.453891409,-1.459195421,-0.601436213,0.697205276,-0.872219555,-1.014276931,0.356151438,0.807997783
108,Darren Collison,PG/SG,IND,70,25,0.215090311,1.119598808,-0.304768664,-0.680248493,-1.359328504,0.604823779,0.153236083,-1.110354482,0.677253805
109,JaVale McGee,C,LAL,68,18,2.57473085,-2.027381625,-1.574638097,-0.877279194,-0.028630176,-1.177814728,-1.306155184,1.613156511,1.069485738
110,Wendell Carter Jr.,C,CHI,72,26,0.215090311,-0.695966827,-1.112867394,-0.798466914,0.737529467,-0.566624383,-0.722398677,1.19415482,0.154277894
111,Willie Cauley-Stein,PF/C,SAC,74,27,0.941133553,-1.543230789,-1.574638097,-0.266484022,0.495584317,-0.311961739,0.153236083,0.356151438,0.415765849
112,Danilo Gallinari,SF/PF,LAC,58,27,-0.873974553,1.361674226,0.272444715,-0.148265602,-0.512520477,-0.66848944,-1.306155184,-0.691352791,1.069485738
113,Dennis Schroder,PG,OKC,72,25,-0.510952932,0.87752339,-0.189325988,0.364014219,-1.198031737,1.114149067,-0.430520424,-1.110354482,-0.891673928
114,Eric Gordon,SG,HOU,68,31,-1.055485364,0.514410263,2.119527526,0.423123429,-1.198031737,-0.413826796,-1.014276931,-0.481851945,0.154277894
115,Reggie Jackson,PG/SG,DET,60,28,-0.873974553,0.87752339,0.041559363,0.403420359,-1.03673497,1.368811711,-0.722398677,-1.110354482,-0.891673928
116,Markieff Morris,PF/C,WAS,72,27,-0.147931311,0.514410263,-0.42021134,-0.562030073,0.092342399,-0.617556911,-0.13864217,-0.062850254,0.023533916
117,Kentavious Caldwell-Pope,SG/SF,LAL,75,30,-0.873974553,0.514410263,0.734215417,-0.108859462,-0.593168861,-0.413826796,0.73699259,-0.900853636,0.677253805
118,Domantas Sabonis,PF/C,IND,75,25,0.759622743,-0.3328537,-1.343752745,-0.266484022,1.060123001,-0.515691854,-1.014276931,-0.272351099,-0.23795404
119,Rajon Rondo,PG,LAL,66,26,-0.510952932,-2.511532461,-0.651096691,-1.133419104,-0.391547902,2.285597229,0.73699259,-1.110354482,-0.891673928
120,Thaddeus Young,SF/PF,IND,75,29,0.396601121,-2.511532461,-0.766539367,-0.759060774,0.253639166,-0.719421969,1.612627351,-0.481851945,0.677253805
121,Elfrid Payton,PG,NOR,70,30,-0.510952932,-1.180117662,-0.881982042,-0.266484022,-0.149602751,1.776271941,0.445114337,-0.481851945,-1.41464984
122,Dirk Nowitzki,PF/C,DAL,72,24,-0.329442121,1.361674226,0.157002039,-0.640842353,0.011694016,-0.872219555,-1.306155184,-0.062850254,1.461717672
123,Brandon Ingram,SG/SF,LAL,74,33.5,0.0335795,-1.180117662,-0.535654015,0.6398572,-0.10927856,0.604823779,-0.430520424,-0.062850254,-0.630185973
124,Montrezl Harrell,PF/C,LAC,70,21,2.937752471,-1.664268498,-1.574638097,-0.266484022,-0.391547902,-0.872219555,-1.306155184,0.565652283,0.93874176
125,Dwight Howard,PF/C,WAS,77,29.5,2.030198417,-2.753607879,-1.574638097,0.029062028,2.592442288,-0.872219555,-0.722398677,2.032158203,-0.760929951
126,Bobby Portis,PF/C,CHI,72,23,0.0335795,-0.3328537,-0.304768664,-0.187671742,0.656881084,-0.770354498,-0.722398677,-0.481851945,0.677253805
127,Kyle Kuzma,SF/PF,LAL,77,28,-0.329442121,-0.574929118,0.734215417,0.166983519,0.092342399,-0.66848944,-1.014276931,-0.481851945,0.154277894
128,Derrick White,PG,SAS,72,26,0.759622743,-0.574929118,-0.304768664,-0.680248493,-0.189926943,-0.66848944,-0.430520424,-0.062850254,0.677253805
129,Cody Zeller,PF/C,CHA,62,25,1.485665985,-0.817004536,-1.574638097,-0.877279194,0.414935933,-0.821287027,-0.430520424,0.565652283,0.807997783
130,Mohamed Bamba,C,ORL,72,23,0.0335795,-1.059079953,-1.22831007,-1.113716034,0.616556892,-1.279679786,-1.014276931,2.241659048,0.807997783
131,Al-Farouq Aminu,SF/PF,POR,74,28,-1.418506985,-0.453891409,0.503330066,-0.975794544,0.535908509,-0.821287027,0.445114337,-0.062850254,0.677253805
132,Patty Mills,PG,SAS,79,28,-0.873974553,0.87752339,1.080543445,-0.424108583,-1.278680121,0.248296078,-0.13864217,-1.110354482,0.415765849
133,Marvin Williams,SF/PF,CHA,78,25,-0.510952932,0.998561099,0.272444715,-0.896982264,-0.189926943,-0.872219555,-1.014276931,-0.062850254,1.200229716
134,George Hill,PG/SG,CLE,62,27,-0.147931311,0.030259427,0.041559363,-0.601436213,-0.915762395,0.044565963,-0.13864217,-0.691352791,0.546509827
135,E'Twaun Moore,SG/SF,NOR,75,30,0.215090311,-0.695966827,0.272444715,-0.562030073,-1.03673497,-0.311961739,-0.13864217,-0.691352791,0.807997783
136,Andrew Wiggins,SG/SF,MIN,80,36.5,-0.329442121,-0.938042245,0.041559363,1.290058511,-0.512520477,-0.413826796,0.445114337,-0.062850254,-0.499441995
137,Bogdan Bogdanovic,SG/SF,SAC,62,27,-0.510952932,0.87752339,0.38788739,-0.463514723,-1.03673497,0.044565963,-0.430520424,-0.900853636,0.285021872
138,Trae Young,PG,ATL,72,28,-1.418506985,0.272334845,0.272444715,-0.227077882,-1.077059162,1.368811711,0.153236083,-0.900853636,-1.283905862
139,Brook Lopez,C,MIL,72,22,-0.147931311,-0.453891409,0.041559363,-0.424108583,-0.714141436,-0.719421969,-1.598033438,1.19415482,0.415765849
140,Patrick Beverley,PG/SG,LAC,67,24,-0.873974553,0.272334845,0.272444715,-1.153122174,-0.79478982,-0.006366566,0.445114337,-0.691352791,0.677253805
141,Mario Hezonja,SG/SF,NYK,76,25,-0.692463743,0.635447972,-0.073883312,-0.562030073,-0.552844669,-0.66848944,0.445114337,-0.481851945,0.285021872
142,Davis Bertans,PF/C,SAS,74,22,-0.329442121,0.756485681,0.734215417,-0.896982264,-0.996410778,-0.770354498,-1.014276931,0.146650592,1.200229716
143,Trevor Ariza,SG/SF,PHO,74,27.5,-1.055485364,0.514410263,0.618772742,-0.936388404,-0.512520477,-0.66848944,0.73699259,-0.900853636,1.200229716
144,Maurice Harkless,,POR,73,25,0.578111932,-1.180117662,-0.42021134,-1.015200684,-0.673817244,-0.974084613,-0.13864217,0.565652283,1.200229716
145,Dennis Smith Jr,PG/SG,DAL,71,31,-1.236996175,-0.817004536,0.503330066,0.56104492,-0.593168861,1.317879182,0.445114337,-0.900853636,-1.545393817
146,Caris LeVert,SF,BKN,70,27,-0.692463743,-0.938042245,0.041559363,-0.404405513,-0.512520477,0.401093664,0.445114337,-0.691352791,-0.368698017
147,Nerlens Noel,PF/C,OKC,62,18,1.304155175,-0.938042245,-1.574638097,-1.330449805,0.052018207,-1.07594967,0.153236083,0.356151438,0.807997783
148,Marcus Smart,PG/SG,BOS,70,27,-1.781528607,0.030259427,0.041559363,-0.739357703,-0.79478982,0.401093664,1.028870844,-0.481851945,-0.107210062
149,JaMychal Green,PF/C,MEM,64,26,0.215090311,-0.211815991,-0.766539367,-0.995497614,0.858502043,-0.872219555,-1.014276931,-0.272351099,0.677253805
150,Luke Kennard,SG,DET,73,25,-0.329442121,0.998561099,0.272444715,-0.739357703,-0.915762395,-0.362894268,-0.430520424,-0.900853636,0.546509827
151,Danny Green,SG/SF,TOR,71,25,-1.600017796,0.151297136,0.38788739,-1.231934455,-0.754465628,-0.617556911,-0.13864217,0.565652283,0.93874176
152,T.J. Warren,SF,PHO,66,25,0.396601121,-0.090778282,-1.22831007,0.127577379,-0.593168861,-1.025017142,-0.430520424,-0.481851945,1.069485738
153,Kyle O'Quinn,PF/C,IND,76,15,1.667176796,0.030259427,-1.574638097,-1.606292786,-0.10927856,-0.719421969,-1.598033438,0.984653974,0.93874176
154,Avery Bradley,PG/SG,LAC,70,27,-0.510952932,-0.090778282,0.38788739,-0.227077882,-0.835114011,-0.515691854,0.153236083,-0.900853636,0.285021872
155,Bojan Bogdanovic,SG/SF,IND,78,27,-0.147931311,0.998561099,0.618772742,-0.305890162,-0.875438203,-0.872219555,-1.306155184,-1.110354482,0.677253805
156,De'Aaron Fox,PG,SAC,76,30,-0.873974553,-0.3328537,-0.651096691,0.009358958,-0.915762395,0.961351481,0.153236083,-0.691352791,-0.891673928
157,Jakob Poeltl,C,SAS,78,20,2.75624166,-1.785306207,-1.574638097,-1.291043665,-0.068954368,-1.177814728,-1.306155184,0.775153129,0.807997783
158,Terrence Ross,SG/SF,ORL,72,24,-0.692463743,0.151297136,0.38788739,-0.778763844,-1.03673497,-0.923152084,0.153236083,-0.481851945,1.069485738
159,Jaylen Brown,SG/SF,BOS,75,29,0.0335795,-1.301155371,0.157002039,-0.010344112,-0.270575327,-0.719421969,-0.13864217,-0.481851945,0.023533916
160,Pascal Siakam,PF,TOR,78,22,0.759622743,-1.180117662,-1.112867394,-1.231934455,-0.270575327,-0.617556911,-0.430520424,0.146650592,1.069485738
161,Seth Curry,PG/SG,POR,70,21,0.0335795,0.998561099,0.38788739,-0.857576124,-1.399652696,-0.413826796,-0.430520424,-1.110354482,0.807997783
162,Alex Len,PF/C,ATL,72,21,0.941133553,-0.817004536,-1.574638097,-1.034903754,0.858502043,-0.974084613,-1.306155184,0.775153129,0.546509827
163,D.J. Augustin,PG,ORL,73,26,-0.873974553,0.756485681,0.272444715,-0.581733143,-1.319004313,0.55389125,-0.722398677,-1.319855328,-0.23795404
164,Rodney Hood,SG/SF,TBA,68,25,-0.873974553,0.756485681,0.734215417,-0.167968672,-1.03673497,-0.66848944,-0.430520424,-0.900853636,0.807997783
165,Ersan Ilyasova,SF/PF,MIL,68,24,-0.692463743,-0.090778282,0.272444715,-0.719654633,0.052018207,-0.821287027,-0.722398677,-0.691352791,0.93874176
166,Fred VanVleet,PG,TOR,75,20,-1.055485364,0.635447972,0.157002039,-0.995497614,-1.157707545,0.197363549,-0.430520424,-0.900853636,1.069485738
167,Spencer Dinwiddie,PG,BKN,70,22,-1.055485364,0.393372554,-0.073883312,-0.877279194,-1.117383354,0.757621366,-0.722398677,-0.691352791,0.677253805
168,Jae Crowder,SF/PF,UTA,73,26,-0.873974553,0.393372554,0.38788739,-0.542327003,-0.633493053,-0.821287027,-0.13864217,-0.691352791,0.93874176
169,Josh Hart,SG/SF,LAL,70,24.5,0.0335795,-0.574929118,0.041559363,-0.936388404,-0.391547902,-0.770354498,-0.430520424,-0.691352791,1.069485738
170,Shaquille Harrison,PG,PHO,70,20,0.215090311,-0.3328537,-1.22831007,-1.192528315,-0.956086587,-0.057299095,0.73699259,-0.691352791,0.807997783
171,Marcin Gortat,C,LAC,79,24,1.122644364,-1.42219308,-1.574638097,-1.153122174,0.858502043,-0.719421969,-1.306155184,0.146650592,0.807997783
172,Bam Adebayo,PF/C,MIA,72,22,1.122644364,-0.453891409,-1.574638097,-1.015200684,0.33428755,-0.66848944,-1.306155184,-0.062850254,0.677253805
173,OG Anunoby,SF/PF,TOR,78,27,0.215090311,-1.543230789,0.272444715,-0.877279194,-0.754465628,-0.974084613,0.153236083,-0.691352791,1.069485738
174,Tyler Johnson,PG/SG,MIA,72,23,-0.692463743,0.393372554,-0.073883312,-0.739357703,-0.996410778,-0.515691854,-0.430520424,-0.481851945,0.93874176
175,Wesley Matthews,SG/SF,DAL,70,28.5,-1.236996175,0.635447972,0.734215417,-0.739357703,-0.996410778,-0.362894268,-0.13864217,-0.900853636,0.807997783
176,Jerian Grant,PG/SG,ORL,72,24,-0.873974553,0.272334845,-0.535654015,-1.015200684,-1.157707545,0.604823779,0.153236083,-1.110354482,0.546509827
177,Reggie Bullock,SG/SF,DET,65,26,-0.147931311,0.151297136,0.503330066,-0.818169984,-1.117383354,-0.66848944,-0.722398677,-0.900853636,1.330973694
178,Nemanja Bjelica,PF,SAC,70,24,-0.510952932,-0.090778282,-0.073883312,-1.212231385,-0.189926943,-0.719421969,-0.430520424,-0.481851945,1.069485738
179,Kelly Oubre Jr,SF,WAS,78,25,-0.873974553,0.393372554,-0.073883312,-0.581733143,-0.512520477,-1.025017142,-0.13864217,-0.481851945,0.93874176
180,Mike Muscala,PF/C,PHI,65,20,-0.147931311,0.87752339,-0.073883312,-1.291043665,-0.512520477,-0.872219555,-1.306155184,-0.062850254,1.069485738
181,Kevon Looney,PF/C,GSW,70,20,1.667176796,-2.269457043,-1.459195421,-1.409262085,-0.230251135,-1.025017142,-0.722398677,1.19415482,1.200229716
182,Patrick Patterson,PF/C,OKC,75,26,-1.236996175,0.756485681,0.503330066,-1.389559015,-0.512520477,-0.923152084,-0.430520424,-0.481851945,1.330973694
183,Trey Lyles,PF,DEN,74,21,0.0335795,-0.695966827,-0.189325988,-0.601436213,-0.189926943,-0.821287027,-1.306155184,-0.481851945,0.807997783
184,Robin Lopez,C,CHI,74,22,0.941133553,-0.574929118,-1.574638097,-1.074309894,-0.189926943,-0.923152084,-2.181789945,0.984653974,0.807997783
185,Carmelo Anthony,SF/PF,HOU,70,26,-1.055485364,0.151297136,0.38788739,0.009358958,-0.230251135,-0.923152084,-1.014276931,-0.272351099,0.807997783
186,P.J. Tucker,SF,HOU,79,28,-1.418506985,-0.211815991,0.157002039,-1.488074365,0.092342399,-0.923152084,0.445114337,-0.691352791,1.069485738
187,Marvin Bagley III,PF,SAC,72,27,0.759622743,-1.42219308,-1.112867394,-0.581733143,0.656881084,-0.923152084,-1.014276931,-0.272351099,0.285021872
188,James Ennis,SG/SF,HOU,71,25,-0.147931311,0.272334845,-0.304768664,-0.916685334,-0.835114011,-0.923152084,-0.430520424,-0.691352791,0.93874176
189,Markelle Fultz,PG/SG,PHI,70,26,-0.873974553,-2.753607879,-0.42021134,-0.345296303,-0.391547902,1.165081596,0.73699259,-0.272351099,0.023533916
190,Trey Burke,PG,NYK,70,22,-0.147931311,-0.695966827,-0.189325988,-0.424108583,-1.439976888,0.655756308,-1.306155184,-1.110354482,0.677253805
191,Wilson Chandler,SG/SF,PHI,72,26,-0.510952932,-0.211815991,-0.073883312,-0.837873054,-0.230251135,-0.617556911,-1.014276931,-0.481851945,0.807997783
192,Dante Exum,PG/SG,UTA,70,20,0.0335795,0.514410263,-0.997424718,-0.837873054,-1.278680121,0.299228607,-0.722398677,-0.900853636,0.154277894
193,Solomon Hill,SG/SF,NOR,72,23,-0.692463743,1.119598808,-0.189325988,-1.310746735,-0.915762395,-0.821287027,-0.722398677,-0.481851945,1.200229716
194,Stanley Johnson,SG/SF,DET,73,28,-1.600017796,-0.090778282,-0.189325988,-0.837873054,-0.391547902,-0.464759325,0.73699259,-0.691352791,0.415765849
195,Andre Iguodala,SG/SF,GSW,65,24,0.215090311,-1.301155371,-0.881982042,-1.566886645,-0.754465628,0.044565963,-0.13864217,-0.272351099,0.93874176
196,Mikal Bridges,SF,PHO,72,22,-0.329442121,0.030259427,-0.304768664,-1.015200684,-0.835114011,-0.872219555,-0.430520424,-0.272351099,1.069485738
197,DeMarre Carroll,SF/PF,BKN,72,24,-1.055485364,-0.453891409,0.272444715,-0.818169984,-0.149602751,-0.770354498,-0.722398677,-0.691352791,1.069485738
198,Terry Rozier,PG/SG,BOS,77,23,-1.600017796,0.151297136,0.272444715,-0.896982264,-0.472196286,-0.159164152,-0.430520424,-0.900853636,1.069485738
199,Jonathon Simmons,SG/SF,ORL,71,26,-0.329442121,-0.090778282,-0.42021134,-0.443811653,-0.875438203,-0.464759325,-0.430520424,-0.691352791,0.154277894
200,Marco Belinelli,SG/SF,SAS,77,23,-0.692463743,1.361674226,0.157002039,-0.699951563,-1.439976888,-0.617556911,-1.014276931,-1.110354482,0.93874176
